--
-- PostgreSQL database dump
--

-- Dumped from database version 16.3
-- Dumped by pg_dump version 16.3

SET statement_timeout = 0;
SET lock_timeout = 0;
SET idle_in_transaction_session_timeout = 0;
SET client_encoding = 'UTF8';
SET standard_conforming_strings = on;
SELECT pg_catalog.set_config('search_path', '', false);
SET check_function_bodies = false;
SET xmloption = content;
SET client_min_messages = warning;
SET row_security = off;

SET default_tablespace = '';

SET default_table_access_method = heap;

--
-- Name: attendance; Type: TABLE; Schema: public; Owner: postgres
--

CREATE TABLE public.attendance (
    id integer NOT NULL,
    studentid integer NOT NULL,
    classid integer NOT NULL,
    present boolean
);


ALTER TABLE public.attendance OWNER TO postgres;

--
-- Name: attendance_id_seq; Type: SEQUENCE; Schema: public; Owner: postgres
--

CREATE SEQUENCE public.attendance_id_seq
    AS integer
    START WITH 1
    INCREMENT BY 1
    NO MINVALUE
    NO MAXVALUE
    CACHE 1;


ALTER SEQUENCE public.attendance_id_seq OWNER TO postgres;

--
-- Name: attendance_id_seq; Type: SEQUENCE OWNED BY; Schema: public; Owner: postgres
--

ALTER SEQUENCE public.attendance_id_seq OWNED BY public.attendance.id;


--
-- Name: auth_group; Type: TABLE; Schema: public; Owner: postgres
--

CREATE TABLE public.auth_group (
    id integer NOT NULL,
    name character varying(150) NOT NULL
);


ALTER TABLE public.auth_group OWNER TO postgres;

--
-- Name: auth_group_id_seq; Type: SEQUENCE; Schema: public; Owner: postgres
--

ALTER TABLE public.auth_group ALTER COLUMN id ADD GENERATED BY DEFAULT AS IDENTITY (
    SEQUENCE NAME public.auth_group_id_seq
    START WITH 1
    INCREMENT BY 1
    NO MINVALUE
    NO MAXVALUE
    CACHE 1
);


--
-- Name: auth_group_permissions; Type: TABLE; Schema: public; Owner: postgres
--

CREATE TABLE public.auth_group_permissions (
    id bigint NOT NULL,
    group_id integer NOT NULL,
    permission_id integer NOT NULL
);


ALTER TABLE public.auth_group_permissions OWNER TO postgres;

--
-- Name: auth_group_permissions_id_seq; Type: SEQUENCE; Schema: public; Owner: postgres
--

ALTER TABLE public.auth_group_permissions ALTER COLUMN id ADD GENERATED BY DEFAULT AS IDENTITY (
    SEQUENCE NAME public.auth_group_permissions_id_seq
    START WITH 1
    INCREMENT BY 1
    NO MINVALUE
    NO MAXVALUE
    CACHE 1
);


--
-- Name: auth_permission; Type: TABLE; Schema: public; Owner: postgres
--

CREATE TABLE public.auth_permission (
    id integer NOT NULL,
    name character varying(255) NOT NULL,
    content_type_id integer NOT NULL,
    codename character varying(100) NOT NULL
);


ALTER TABLE public.auth_permission OWNER TO postgres;

--
-- Name: auth_permission_id_seq; Type: SEQUENCE; Schema: public; Owner: postgres
--

ALTER TABLE public.auth_permission ALTER COLUMN id ADD GENERATED BY DEFAULT AS IDENTITY (
    SEQUENCE NAME public.auth_permission_id_seq
    START WITH 1
    INCREMENT BY 1
    NO MINVALUE
    NO MAXVALUE
    CACHE 1
);


--
-- Name: auth_user; Type: TABLE; Schema: public; Owner: postgres
--

CREATE TABLE public.auth_user (
    id integer NOT NULL,
    password character varying(128) NOT NULL,
    last_login timestamp with time zone,
    is_superuser boolean NOT NULL,
    username character varying(150) NOT NULL,
    first_name character varying(150) NOT NULL,
    last_name character varying(150) NOT NULL,
    email character varying(254) NOT NULL,
    is_staff boolean NOT NULL,
    is_active boolean NOT NULL,
    date_joined timestamp with time zone NOT NULL
);


ALTER TABLE public.auth_user OWNER TO postgres;

--
-- Name: auth_user_groups; Type: TABLE; Schema: public; Owner: postgres
--

CREATE TABLE public.auth_user_groups (
    id bigint NOT NULL,
    user_id integer NOT NULL,
    group_id integer NOT NULL
);


ALTER TABLE public.auth_user_groups OWNER TO postgres;

--
-- Name: auth_user_groups_id_seq; Type: SEQUENCE; Schema: public; Owner: postgres
--

ALTER TABLE public.auth_user_groups ALTER COLUMN id ADD GENERATED BY DEFAULT AS IDENTITY (
    SEQUENCE NAME public.auth_user_groups_id_seq
    START WITH 1
    INCREMENT BY 1
    NO MINVALUE
    NO MAXVALUE
    CACHE 1
);


--
-- Name: auth_user_id_seq; Type: SEQUENCE; Schema: public; Owner: postgres
--

ALTER TABLE public.auth_user ALTER COLUMN id ADD GENERATED BY DEFAULT AS IDENTITY (
    SEQUENCE NAME public.auth_user_id_seq
    START WITH 1
    INCREMENT BY 1
    NO MINVALUE
    NO MAXVALUE
    CACHE 1
);


--
-- Name: auth_user_user_permissions; Type: TABLE; Schema: public; Owner: postgres
--

CREATE TABLE public.auth_user_user_permissions (
    id bigint NOT NULL,
    user_id integer NOT NULL,
    permission_id integer NOT NULL
);


ALTER TABLE public.auth_user_user_permissions OWNER TO postgres;

--
-- Name: auth_user_user_permissions_id_seq; Type: SEQUENCE; Schema: public; Owner: postgres
--

ALTER TABLE public.auth_user_user_permissions ALTER COLUMN id ADD GENERATED BY DEFAULT AS IDENTITY (
    SEQUENCE NAME public.auth_user_user_permissions_id_seq
    START WITH 1
    INCREMENT BY 1
    NO MINVALUE
    NO MAXVALUE
    CACHE 1
);


--
-- Name: class; Type: TABLE; Schema: public; Owner: postgres
--

CREATE TABLE public.class (
    id integer NOT NULL,
    starttime timestamp without time zone NOT NULL,
    roomid integer NOT NULL,
    instructorid integer NOT NULL,
    subjectid integer NOT NULL,
    costid integer NOT NULL
);


ALTER TABLE public.class OWNER TO postgres;

--
-- Name: class_id_seq; Type: SEQUENCE; Schema: public; Owner: postgres
--

CREATE SEQUENCE public.class_id_seq
    AS integer
    START WITH 1
    INCREMENT BY 1
    NO MINVALUE
    NO MAXVALUE
    CACHE 1;


ALTER SEQUENCE public.class_id_seq OWNER TO postgres;

--
-- Name: class_id_seq; Type: SEQUENCE OWNED BY; Schema: public; Owner: postgres
--

ALTER SEQUENCE public.class_id_seq OWNED BY public.class.id;


--
-- Name: cost; Type: TABLE; Schema: public; Owner: postgres
--

CREATE TABLE public.cost (
    id integer NOT NULL,
    cost integer NOT NULL,
    parentid integer NOT NULL
);


ALTER TABLE public.cost OWNER TO postgres;

--
-- Name: cost_id_seq; Type: SEQUENCE; Schema: public; Owner: postgres
--

CREATE SEQUENCE public.cost_id_seq
    AS integer
    START WITH 1
    INCREMENT BY 1
    NO MINVALUE
    NO MAXVALUE
    CACHE 1;


ALTER SEQUENCE public.cost_id_seq OWNER TO postgres;

--
-- Name: cost_id_seq; Type: SEQUENCE OWNED BY; Schema: public; Owner: postgres
--

ALTER SEQUENCE public.cost_id_seq OWNED BY public.cost.id;


--
-- Name: django_admin_log; Type: TABLE; Schema: public; Owner: postgres
--

CREATE TABLE public.django_admin_log (
    id integer NOT NULL,
    action_time timestamp with time zone NOT NULL,
    object_id text,
    object_repr character varying(200) NOT NULL,
    action_flag smallint NOT NULL,
    change_message text NOT NULL,
    content_type_id integer,
    user_id integer NOT NULL,
    CONSTRAINT django_admin_log_action_flag_check CHECK ((action_flag >= 0))
);


ALTER TABLE public.django_admin_log OWNER TO postgres;

--
-- Name: django_admin_log_id_seq; Type: SEQUENCE; Schema: public; Owner: postgres
--

ALTER TABLE public.django_admin_log ALTER COLUMN id ADD GENERATED BY DEFAULT AS IDENTITY (
    SEQUENCE NAME public.django_admin_log_id_seq
    START WITH 1
    INCREMENT BY 1
    NO MINVALUE
    NO MAXVALUE
    CACHE 1
);


--
-- Name: django_content_type; Type: TABLE; Schema: public; Owner: postgres
--

CREATE TABLE public.django_content_type (
    id integer NOT NULL,
    app_label character varying(100) NOT NULL,
    model character varying(100) NOT NULL
);


ALTER TABLE public.django_content_type OWNER TO postgres;

--
-- Name: django_content_type_id_seq; Type: SEQUENCE; Schema: public; Owner: postgres
--

ALTER TABLE public.django_content_type ALTER COLUMN id ADD GENERATED BY DEFAULT AS IDENTITY (
    SEQUENCE NAME public.django_content_type_id_seq
    START WITH 1
    INCREMENT BY 1
    NO MINVALUE
    NO MAXVALUE
    CACHE 1
);


--
-- Name: django_migrations; Type: TABLE; Schema: public; Owner: postgres
--

CREATE TABLE public.django_migrations (
    id bigint NOT NULL,
    app character varying(255) NOT NULL,
    name character varying(255) NOT NULL,
    applied timestamp with time zone NOT NULL
);


ALTER TABLE public.django_migrations OWNER TO postgres;

--
-- Name: django_migrations_id_seq; Type: SEQUENCE; Schema: public; Owner: postgres
--

ALTER TABLE public.django_migrations ALTER COLUMN id ADD GENERATED BY DEFAULT AS IDENTITY (
    SEQUENCE NAME public.django_migrations_id_seq
    START WITH 1
    INCREMENT BY 1
    NO MINVALUE
    NO MAXVALUE
    CACHE 1
);


--
-- Name: django_session; Type: TABLE; Schema: public; Owner: postgres
--

CREATE TABLE public.django_session (
    session_key character varying(40) NOT NULL,
    session_data text NOT NULL,
    expire_date timestamp with time zone NOT NULL
);


ALTER TABLE public.django_session OWNER TO postgres;

--
-- Name: grade; Type: TABLE; Schema: public; Owner: postgres
--

CREATE TABLE public.grade (
    gradeid integer NOT NULL,
    studentid integer,
    classid integer,
    grade numeric(5,2)
);


ALTER TABLE public.grade OWNER TO postgres;

--
-- Name: grade_gradeid_seq; Type: SEQUENCE; Schema: public; Owner: postgres
--

CREATE SEQUENCE public.grade_gradeid_seq
    AS integer
    START WITH 1
    INCREMENT BY 1
    NO MINVALUE
    NO MAXVALUE
    CACHE 1;


ALTER SEQUENCE public.grade_gradeid_seq OWNER TO postgres;

--
-- Name: grade_gradeid_seq; Type: SEQUENCE OWNED BY; Schema: public; Owner: postgres
--

ALTER SEQUENCE public.grade_gradeid_seq OWNED BY public.grade.gradeid;


--
-- Name: instructor; Type: TABLE; Schema: public; Owner: postgres
--

CREATE TABLE public.instructor (
    id integer NOT NULL,
    firstname character varying(20) NOT NULL,
    lastname character varying(20) NOT NULL,
    email character varying(30) NOT NULL,
    phoneid integer NOT NULL
);


ALTER TABLE public.instructor OWNER TO postgres;

--
-- Name: instructor_id_seq; Type: SEQUENCE; Schema: public; Owner: postgres
--

CREATE SEQUENCE public.instructor_id_seq
    AS integer
    START WITH 1
    INCREMENT BY 1
    NO MINVALUE
    NO MAXVALUE
    CACHE 1;


ALTER SEQUENCE public.instructor_id_seq OWNER TO postgres;

--
-- Name: instructor_id_seq; Type: SEQUENCE OWNED BY; Schema: public; Owner: postgres
--

ALTER SEQUENCE public.instructor_id_seq OWNED BY public.instructor.id;


--
-- Name: parent; Type: TABLE; Schema: public; Owner: postgres
--

CREATE TABLE public.parent (
    id integer NOT NULL,
    firstname character varying(20) NOT NULL,
    lastname character varying(20) NOT NULL,
    email character varying(30) NOT NULL,
    studentid integer NOT NULL
);


ALTER TABLE public.parent OWNER TO postgres;

--
-- Name: parent_id_seq; Type: SEQUENCE; Schema: public; Owner: postgres
--

CREATE SEQUENCE public.parent_id_seq
    AS integer
    START WITH 1
    INCREMENT BY 1
    NO MINVALUE
    NO MAXVALUE
    CACHE 1;


ALTER SEQUENCE public.parent_id_seq OWNER TO postgres;

--
-- Name: parent_id_seq; Type: SEQUENCE OWNED BY; Schema: public; Owner: postgres
--

ALTER SEQUENCE public.parent_id_seq OWNED BY public.parent.id;


--
-- Name: phone; Type: TABLE; Schema: public; Owner: postgres
--

CREATE TABLE public.phone (
    id integer NOT NULL,
    phonetypeid integer NOT NULL,
    number character varying(15)
);


ALTER TABLE public.phone OWNER TO postgres;

--
-- Name: phone_id_seq; Type: SEQUENCE; Schema: public; Owner: postgres
--

CREATE SEQUENCE public.phone_id_seq
    AS integer
    START WITH 1
    INCREMENT BY 1
    NO MINVALUE
    NO MAXVALUE
    CACHE 1;


ALTER SEQUENCE public.phone_id_seq OWNER TO postgres;

--
-- Name: phone_id_seq; Type: SEQUENCE OWNED BY; Schema: public; Owner: postgres
--

ALTER SEQUENCE public.phone_id_seq OWNED BY public.phone.id;


--
-- Name: phonetype; Type: TABLE; Schema: public; Owner: postgres
--

CREATE TABLE public.phonetype (
    id integer NOT NULL,
    type character varying(10) NOT NULL
);


ALTER TABLE public.phonetype OWNER TO postgres;

--
-- Name: phonetype_id_seq; Type: SEQUENCE; Schema: public; Owner: postgres
--

CREATE SEQUENCE public.phonetype_id_seq
    AS integer
    START WITH 1
    INCREMENT BY 1
    NO MINVALUE
    NO MAXVALUE
    CACHE 1;


ALTER SEQUENCE public.phonetype_id_seq OWNER TO postgres;

--
-- Name: phonetype_id_seq; Type: SEQUENCE OWNED BY; Schema: public; Owner: postgres
--

ALTER SEQUENCE public.phonetype_id_seq OWNED BY public.phonetype.id;


--
-- Name: room; Type: TABLE; Schema: public; Owner: postgres
--

CREATE TABLE public.room (
    id integer NOT NULL,
    roomnumber integer NOT NULL,
    capacity integer NOT NULL,
    buildinglocation character varying(100) NOT NULL
);


ALTER TABLE public.room OWNER TO postgres;

--
-- Name: room_id_seq; Type: SEQUENCE; Schema: public; Owner: postgres
--

CREATE SEQUENCE public.room_id_seq
    AS integer
    START WITH 1
    INCREMENT BY 1
    NO MINVALUE
    NO MAXVALUE
    CACHE 1;


ALTER SEQUENCE public.room_id_seq OWNER TO postgres;

--
-- Name: room_id_seq; Type: SEQUENCE OWNED BY; Schema: public; Owner: postgres
--

ALTER SEQUENCE public.room_id_seq OWNED BY public.room.id;


--
-- Name: student; Type: TABLE; Schema: public; Owner: postgres
--

CREATE TABLE public.student (
    id integer NOT NULL,
    firstname character varying(20) NOT NULL,
    lastname character varying(20) NOT NULL
);


ALTER TABLE public.student OWNER TO postgres;

--
-- Name: student_class; Type: TABLE; Schema: public; Owner: postgres
--

CREATE TABLE public.student_class (
    studentid integer NOT NULL,
    classid integer NOT NULL
);


ALTER TABLE public.student_class OWNER TO postgres;

--
-- Name: student_id_seq; Type: SEQUENCE; Schema: public; Owner: postgres
--

CREATE SEQUENCE public.student_id_seq
    AS integer
    START WITH 1
    INCREMENT BY 1
    NO MINVALUE
    NO MAXVALUE
    CACHE 1;


ALTER SEQUENCE public.student_id_seq OWNER TO postgres;

--
-- Name: student_id_seq; Type: SEQUENCE OWNED BY; Schema: public; Owner: postgres
--

ALTER SEQUENCE public.student_id_seq OWNED BY public.student.id;


--
-- Name: subject; Type: TABLE; Schema: public; Owner: postgres
--

CREATE TABLE public.subject (
    id integer NOT NULL,
    name character varying(30) NOT NULL
);


ALTER TABLE public.subject OWNER TO postgres;

--
-- Name: subject_id_seq; Type: SEQUENCE; Schema: public; Owner: postgres
--

CREATE SEQUENCE public.subject_id_seq
    AS integer
    START WITH 1
    INCREMENT BY 1
    NO MINVALUE
    NO MAXVALUE
    CACHE 1;


ALTER SEQUENCE public.subject_id_seq OWNER TO postgres;

--
-- Name: subject_id_seq; Type: SEQUENCE OWNED BY; Schema: public; Owner: postgres
--

ALTER SEQUENCE public.subject_id_seq OWNED BY public.subject.id;


--
-- Name: tutordb_userprofile; Type: TABLE; Schema: public; Owner: postgres
--

CREATE TABLE public.tutordb_userprofile (
    id bigint NOT NULL,
    role character varying(10) NOT NULL,
    user_id integer NOT NULL
);


ALTER TABLE public.tutordb_userprofile OWNER TO postgres;

--
-- Name: tutordb_userprofile_id_seq; Type: SEQUENCE; Schema: public; Owner: postgres
--

ALTER TABLE public.tutordb_userprofile ALTER COLUMN id ADD GENERATED BY DEFAULT AS IDENTITY (
    SEQUENCE NAME public.tutordb_userprofile_id_seq
    START WITH 1
    INCREMENT BY 1
    NO MINVALUE
    NO MAXVALUE
    CACHE 1
);


--
-- Name: attendance id; Type: DEFAULT; Schema: public; Owner: postgres
--

ALTER TABLE ONLY public.attendance ALTER COLUMN id SET DEFAULT nextval('public.attendance_id_seq'::regclass);


--
-- Name: class id; Type: DEFAULT; Schema: public; Owner: postgres
--

ALTER TABLE ONLY public.class ALTER COLUMN id SET DEFAULT nextval('public.class_id_seq'::regclass);


--
-- Name: cost id; Type: DEFAULT; Schema: public; Owner: postgres
--

ALTER TABLE ONLY public.cost ALTER COLUMN id SET DEFAULT nextval('public.cost_id_seq'::regclass);


--
-- Name: grade gradeid; Type: DEFAULT; Schema: public; Owner: postgres
--

ALTER TABLE ONLY public.grade ALTER COLUMN gradeid SET DEFAULT nextval('public.grade_gradeid_seq'::regclass);


--
-- Name: instructor id; Type: DEFAULT; Schema: public; Owner: postgres
--

ALTER TABLE ONLY public.instructor ALTER COLUMN id SET DEFAULT nextval('public.instructor_id_seq'::regclass);


--
-- Name: parent id; Type: DEFAULT; Schema: public; Owner: postgres
--

ALTER TABLE ONLY public.parent ALTER COLUMN id SET DEFAULT nextval('public.parent_id_seq'::regclass);


--
-- Name: phone id; Type: DEFAULT; Schema: public; Owner: postgres
--

ALTER TABLE ONLY public.phone ALTER COLUMN id SET DEFAULT nextval('public.phone_id_seq'::regclass);


--
-- Name: phonetype id; Type: DEFAULT; Schema: public; Owner: postgres
--

ALTER TABLE ONLY public.phonetype ALTER COLUMN id SET DEFAULT nextval('public.phonetype_id_seq'::regclass);


--
-- Name: room id; Type: DEFAULT; Schema: public; Owner: postgres
--

ALTER TABLE ONLY public.room ALTER COLUMN id SET DEFAULT nextval('public.room_id_seq'::regclass);


--
-- Name: student id; Type: DEFAULT; Schema: public; Owner: postgres
--

ALTER TABLE ONLY public.student ALTER COLUMN id SET DEFAULT nextval('public.student_id_seq'::regclass);


--
-- Name: subject id; Type: DEFAULT; Schema: public; Owner: postgres
--

ALTER TABLE ONLY public.subject ALTER COLUMN id SET DEFAULT nextval('public.subject_id_seq'::regclass);


--
-- Data for Name: attendance; Type: TABLE DATA; Schema: public; Owner: postgres
--

COPY public.attendance (id, studentid, classid, present) FROM stdin;
1	1	1	t
2	2	2	f
3	3	3	t
4	1	4	t
5	2	5	t
6	3	6	f
7	4	1	t
8	5	2	f
9	6	3	t
10	4	2	t
\.


--
-- Data for Name: auth_group; Type: TABLE DATA; Schema: public; Owner: postgres
--

COPY public.auth_group (id, name) FROM stdin;
\.


--
-- Data for Name: auth_group_permissions; Type: TABLE DATA; Schema: public; Owner: postgres
--

COPY public.auth_group_permissions (id, group_id, permission_id) FROM stdin;
\.


--
-- Data for Name: auth_permission; Type: TABLE DATA; Schema: public; Owner: postgres
--

COPY public.auth_permission (id, name, content_type_id, codename) FROM stdin;
1	Can add attendance	1	add_attendance
2	Can change attendance	1	change_attendance
3	Can delete attendance	1	delete_attendance
4	Can view attendance	1	view_attendance
5	Can add class	2	add_class
6	Can change class	2	change_class
7	Can delete class	2	delete_class
8	Can view class	2	view_class
9	Can add cost	3	add_cost
10	Can change cost	3	change_cost
11	Can delete cost	3	delete_cost
12	Can view cost	3	view_cost
13	Can add grade	4	add_grade
14	Can change grade	4	change_grade
15	Can delete grade	4	delete_grade
16	Can view grade	4	view_grade
17	Can add instructor	5	add_instructor
18	Can change instructor	5	change_instructor
19	Can delete instructor	5	delete_instructor
20	Can view instructor	5	view_instructor
21	Can add parent	6	add_parent
22	Can change parent	6	change_parent
23	Can delete parent	6	delete_parent
24	Can view parent	6	view_parent
25	Can add phone	7	add_phone
26	Can change phone	7	change_phone
27	Can delete phone	7	delete_phone
28	Can view phone	7	view_phone
29	Can add phonetype	8	add_phonetype
30	Can change phonetype	8	change_phonetype
31	Can delete phonetype	8	delete_phonetype
32	Can view phonetype	8	view_phonetype
33	Can add room	9	add_room
34	Can change room	9	change_room
35	Can delete room	9	delete_room
36	Can view room	9	view_room
37	Can add student	10	add_student
38	Can change student	10	change_student
39	Can delete student	10	delete_student
40	Can view student	10	view_student
41	Can add subject	11	add_subject
42	Can change subject	11	change_subject
43	Can delete subject	11	delete_subject
44	Can view subject	11	view_subject
45	Can add student class	12	add_studentclass
46	Can change student class	12	change_studentclass
47	Can delete student class	12	delete_studentclass
48	Can view student class	12	view_studentclass
49	Can add log entry	13	add_logentry
50	Can change log entry	13	change_logentry
51	Can delete log entry	13	delete_logentry
52	Can view log entry	13	view_logentry
53	Can add permission	14	add_permission
54	Can change permission	14	change_permission
55	Can delete permission	14	delete_permission
56	Can view permission	14	view_permission
57	Can add group	15	add_group
58	Can change group	15	change_group
59	Can delete group	15	delete_group
60	Can view group	15	view_group
61	Can add user	16	add_user
62	Can change user	16	change_user
63	Can delete user	16	delete_user
64	Can view user	16	view_user
65	Can add content type	17	add_contenttype
66	Can change content type	17	change_contenttype
67	Can delete content type	17	delete_contenttype
68	Can view content type	17	view_contenttype
69	Can add session	18	add_session
70	Can change session	18	change_session
71	Can delete session	18	delete_session
72	Can view session	18	view_session
73	Can add user profile	19	add_userprofile
74	Can change user profile	19	change_userprofile
75	Can delete user profile	19	delete_userprofile
76	Can view user profile	19	view_userprofile
\.


--
-- Data for Name: auth_user; Type: TABLE DATA; Schema: public; Owner: postgres
--

COPY public.auth_user (id, password, last_login, is_superuser, username, first_name, last_name, email, is_staff, is_active, date_joined) FROM stdin;
2	pbkdf2_sha256$720000$pgKLPYLWw7lrGdbSIQyKi1$r92QdCaGVisrOTPeqvHrDuisAgf8PD2ZZkJ6qKS8X/0=	\N	f	postgres				f	t	2024-06-06 14:23:24-07
1	pbkdf2_sha256$720000$7ntRuDotNvnRXeiPGJagws$Jf7z6zyeT6g1rjdKHrCXPPvenpLlEcImZplRh5fUgjI=	2024-06-06 15:45:45.304211-07	t	zain-			zainzaman07@gmail.com	t	t	2024-06-06 14:12:58.642974-07
\.


--
-- Data for Name: auth_user_groups; Type: TABLE DATA; Schema: public; Owner: postgres
--

COPY public.auth_user_groups (id, user_id, group_id) FROM stdin;
\.


--
-- Data for Name: auth_user_user_permissions; Type: TABLE DATA; Schema: public; Owner: postgres
--

COPY public.auth_user_user_permissions (id, user_id, permission_id) FROM stdin;
1	2	1
2	2	2
3	2	3
4	2	5
5	2	6
6	2	7
7	2	9
8	2	10
9	2	11
10	2	13
11	2	15
12	2	17
13	2	18
14	2	19
15	2	20
16	2	21
17	2	22
18	2	23
19	2	25
20	2	26
21	2	27
22	2	29
23	2	30
24	2	31
25	2	33
26	2	34
27	2	35
28	2	37
29	2	38
30	2	39
31	2	41
32	2	42
33	2	43
34	2	45
35	2	46
36	2	47
37	2	49
38	2	50
39	2	51
40	2	53
41	2	54
42	2	55
43	2	57
44	2	58
45	2	59
46	2	61
47	2	62
48	2	63
49	2	65
50	2	66
51	2	67
52	2	68
53	2	69
54	2	70
55	2	71
56	2	73
57	2	74
58	2	75
\.


--
-- Data for Name: class; Type: TABLE DATA; Schema: public; Owner: postgres
--

COPY public.class (id, starttime, roomid, instructorid, subjectid, costid) FROM stdin;
1	2024-06-01 10:00:00	1	1	1	1
2	2024-06-01 11:00:00	2	2	2	2
3	2024-06-01 12:00:00	3	3	3	3
4	2024-06-01 13:00:00	4	4	4	4
5	2024-06-01 14:00:00	5	5	5	5
6	2024-06-01 15:00:00	6	6	6	6
7	2024-06-12 03:28:00	3	4	3	4
\.


--
-- Data for Name: cost; Type: TABLE DATA; Schema: public; Owner: postgres
--

COPY public.cost (id, cost, parentid) FROM stdin;
1	200	1
2	250	2
3	300	3
4	350	1
5	400	2
6	450	3
\.


--
-- Data for Name: django_admin_log; Type: TABLE DATA; Schema: public; Owner: postgres
--

COPY public.django_admin_log (id, action_time, object_id, object_repr, action_flag, change_message, content_type_id, user_id) FROM stdin;
1	2024-06-06 14:23:24.622414-07	2	postgres	1	[{"added": {}}]	16	1
2	2024-06-06 14:47:58.166983-07	2	postgres	2	[{"changed": {"fields": ["User permissions"]}}]	16	1
\.


--
-- Data for Name: django_content_type; Type: TABLE DATA; Schema: public; Owner: postgres
--

COPY public.django_content_type (id, app_label, model) FROM stdin;
1	tutordb	attendance
2	tutordb	class
3	tutordb	cost
4	tutordb	grade
5	tutordb	instructor
6	tutordb	parent
7	tutordb	phone
8	tutordb	phonetype
9	tutordb	room
10	tutordb	student
11	tutordb	subject
12	tutordb	studentclass
13	admin	logentry
14	auth	permission
15	auth	group
16	auth	user
17	contenttypes	contenttype
18	sessions	session
19	tutordb	userprofile
\.


--
-- Data for Name: django_migrations; Type: TABLE DATA; Schema: public; Owner: postgres
--

COPY public.django_migrations (id, app, name, applied) FROM stdin;
1	contenttypes	0001_initial	2024-06-06 03:04:08.200177-07
2	auth	0001_initial	2024-06-06 03:04:08.341095-07
3	admin	0001_initial	2024-06-06 03:04:08.36808-07
4	admin	0002_logentry_remove_auto_add	2024-06-06 03:04:08.374076-07
5	admin	0003_logentry_add_action_flag_choices	2024-06-06 03:04:08.381073-07
6	contenttypes	0002_remove_content_type_name	2024-06-06 03:04:08.392066-07
7	auth	0002_alter_permission_name_max_length	2024-06-06 03:04:08.397063-07
8	auth	0003_alter_user_email_max_length	2024-06-06 03:04:08.40306-07
9	auth	0004_alter_user_username_opts	2024-06-06 03:04:08.408057-07
10	auth	0005_alter_user_last_login_null	2024-06-06 03:04:08.413055-07
11	auth	0006_require_contenttypes_0002	2024-06-06 03:04:08.414054-07
12	auth	0007_alter_validators_add_error_messages	2024-06-06 03:04:08.419051-07
13	auth	0008_alter_user_username_max_length	2024-06-06 03:04:08.434043-07
14	auth	0009_alter_user_last_name_max_length	2024-06-06 03:04:08.441038-07
15	auth	0010_alter_group_name_max_length	2024-06-06 03:04:08.448034-07
16	auth	0011_update_proxy_permissions	2024-06-06 03:04:08.452032-07
17	auth	0012_alter_user_first_name_max_length	2024-06-06 03:04:08.458028-07
18	sessions	0001_initial	2024-06-06 03:04:08.482014-07
19	tutordb	0001_initial	2024-06-06 03:04:08.49001-07
20	tutordb	0002_userprofile	2024-06-06 14:10:11.411503-07
\.


--
-- Data for Name: django_session; Type: TABLE DATA; Schema: public; Owner: postgres
--

COPY public.django_session (session_key, session_data, expire_date) FROM stdin;
4k779qjytetr92dh5xi69af5rp17it8e	.eJxVjE0OgjAYRO_StWkopbR16Z4zNN9fBTUlobAy3l1IWOhuMu_NvFWCbR3TVmVJE6urMury2yHQU8oB-AHlPmuay7pMqA9Fn7TqYWZ53U7372CEOu7r4EMg6YE8miity67DDlyDIoJ9n8kTQTYS29haDtz4aH3YI1ph5Kw-XwRZOQg:1sFLrd:32fKCtERXtSPRUQQ5UCWrft3Y4knI_-RGOW8eLVcnew	2024-06-20 15:45:45.30621-07
\.


--
-- Data for Name: grade; Type: TABLE DATA; Schema: public; Owner: postgres
--

COPY public.grade (gradeid, studentid, classid, grade) FROM stdin;
7	1	1	95.50
8	2	2	88.75
9	3	3	91.25
10	4	4	97.00
11	5	5	83.25
12	6	6	89.50
\.


--
-- Data for Name: instructor; Type: TABLE DATA; Schema: public; Owner: postgres
--

COPY public.instructor (id, firstname, lastname, email, phoneid) FROM stdin;
1	John	Doe	john.doe@example.com	1
2	Jane	Smith	jane.smith@example.com	2
3	Alice	Johnson	alice.johnson@example.com	3
4	Emma	Brown	emma.brown@example.com	4
5	Liam	Wilson	liam.wilson@example.com	1
6	Olivia	Taylor	olivia.taylor@example.com	2
\.


--
-- Data for Name: parent; Type: TABLE DATA; Schema: public; Owner: postgres
--

COPY public.parent (id, firstname, lastname, email, studentid) FROM stdin;
1	Michael	Hanks	michael.hanks@example.com	1
2	Linda	Connor	linda.connor@example.com	2
3	James	Potter	james.potter@example.com	3
4	Steve	Evans	steve.evans@example.com	4
5	Diana	Portman	diana.portman@example.com	5
6	Tony	Stark	tony.stark@example.com	6
\.


--
-- Data for Name: phone; Type: TABLE DATA; Schema: public; Owner: postgres
--

COPY public.phone (id, phonetypeid, number) FROM stdin;
1	1	123-456-7890
2	2	098-765-4321
3	3	555-123-4567
4	4	111-222-3333
\.


--
-- Data for Name: phonetype; Type: TABLE DATA; Schema: public; Owner: postgres
--

COPY public.phonetype (id, type) FROM stdin;
1	Mobile
2	Home
3	Work
4	Office
5	Cellular
\.


--
-- Data for Name: room; Type: TABLE DATA; Schema: public; Owner: postgres
--

COPY public.room (id, roomnumber, capacity, buildinglocation) FROM stdin;
1	101	30	Building A
2	102	25	Building A
3	201	20	Building B
4	103	30	Building A
5	202	20	Building B
6	203	25	Building B
7	234	325	Building C
8	234	325	Building C
\.


--
-- Data for Name: student; Type: TABLE DATA; Schema: public; Owner: postgres
--

COPY public.student (id, firstname, lastname) FROM stdin;
1	Tom	Hanks
2	Sara	Connor
3	Harry	Potter
4	Chris	Evans
5	Natalie	Portman
6	Robert	Downey
\.


--
-- Data for Name: student_class; Type: TABLE DATA; Schema: public; Owner: postgres
--

COPY public.student_class (studentid, classid) FROM stdin;
1	2
1	3
2	1
2	3
3	1
3	2
4	2
4	3
5	1
5	3
6	1
6	2
\.


--
-- Data for Name: subject; Type: TABLE DATA; Schema: public; Owner: postgres
--

COPY public.subject (id, name) FROM stdin;
1	Math
2	Science
3	History
4	English
5	Art
6	Physical Education
\.


--
-- Data for Name: tutordb_userprofile; Type: TABLE DATA; Schema: public; Owner: postgres
--

COPY public.tutordb_userprofile (id, role, user_id) FROM stdin;
\.


--
-- Name: attendance_id_seq; Type: SEQUENCE SET; Schema: public; Owner: postgres
--

SELECT pg_catalog.setval('public.attendance_id_seq', 10, true);


--
-- Name: auth_group_id_seq; Type: SEQUENCE SET; Schema: public; Owner: postgres
--

SELECT pg_catalog.setval('public.auth_group_id_seq', 1, false);


--
-- Name: auth_group_permissions_id_seq; Type: SEQUENCE SET; Schema: public; Owner: postgres
--

SELECT pg_catalog.setval('public.auth_group_permissions_id_seq', 1, false);


--
-- Name: auth_permission_id_seq; Type: SEQUENCE SET; Schema: public; Owner: postgres
--

SELECT pg_catalog.setval('public.auth_permission_id_seq', 76, true);


--
-- Name: auth_user_groups_id_seq; Type: SEQUENCE SET; Schema: public; Owner: postgres
--

SELECT pg_catalog.setval('public.auth_user_groups_id_seq', 1, false);


--
-- Name: auth_user_id_seq; Type: SEQUENCE SET; Schema: public; Owner: postgres
--

SELECT pg_catalog.setval('public.auth_user_id_seq', 2, true);


--
-- Name: auth_user_user_permissions_id_seq; Type: SEQUENCE SET; Schema: public; Owner: postgres
--

SELECT pg_catalog.setval('public.auth_user_user_permissions_id_seq', 58, true);


--
-- Name: class_id_seq; Type: SEQUENCE SET; Schema: public; Owner: postgres
--

SELECT pg_catalog.setval('public.class_id_seq', 7, true);


--
-- Name: cost_id_seq; Type: SEQUENCE SET; Schema: public; Owner: postgres
--

SELECT pg_catalog.setval('public.cost_id_seq', 6, true);


--
-- Name: django_admin_log_id_seq; Type: SEQUENCE SET; Schema: public; Owner: postgres
--

SELECT pg_catalog.setval('public.django_admin_log_id_seq', 2, true);


--
-- Name: django_content_type_id_seq; Type: SEQUENCE SET; Schema: public; Owner: postgres
--

SELECT pg_catalog.setval('public.django_content_type_id_seq', 19, true);


--
-- Name: django_migrations_id_seq; Type: SEQUENCE SET; Schema: public; Owner: postgres
--

SELECT pg_catalog.setval('public.django_migrations_id_seq', 20, true);


--
-- Name: grade_gradeid_seq; Type: SEQUENCE SET; Schema: public; Owner: postgres
--

SELECT pg_catalog.setval('public.grade_gradeid_seq', 12, true);


--
-- Name: instructor_id_seq; Type: SEQUENCE SET; Schema: public; Owner: postgres
--

SELECT pg_catalog.setval('public.instructor_id_seq', 6, true);


--
-- Name: parent_id_seq; Type: SEQUENCE SET; Schema: public; Owner: postgres
--

SELECT pg_catalog.setval('public.parent_id_seq', 6, true);


--
-- Name: phone_id_seq; Type: SEQUENCE SET; Schema: public; Owner: postgres
--

SELECT pg_catalog.setval('public.phone_id_seq', 4, true);


--
-- Name: phonetype_id_seq; Type: SEQUENCE SET; Schema: public; Owner: postgres
--

SELECT pg_catalog.setval('public.phonetype_id_seq', 5, true);


--
-- Name: room_id_seq; Type: SEQUENCE SET; Schema: public; Owner: postgres
--

SELECT pg_catalog.setval('public.room_id_seq', 8, true);


--
-- Name: student_id_seq; Type: SEQUENCE SET; Schema: public; Owner: postgres
--

SELECT pg_catalog.setval('public.student_id_seq', 6, true);


--
-- Name: subject_id_seq; Type: SEQUENCE SET; Schema: public; Owner: postgres
--

SELECT pg_catalog.setval('public.subject_id_seq', 6, true);


--
-- Name: tutordb_userprofile_id_seq; Type: SEQUENCE SET; Schema: public; Owner: postgres
--

SELECT pg_catalog.setval('public.tutordb_userprofile_id_seq', 1, false);


--
-- Name: attendance attendance_pkey; Type: CONSTRAINT; Schema: public; Owner: postgres
--

ALTER TABLE ONLY public.attendance
    ADD CONSTRAINT attendance_pkey PRIMARY KEY (id);


--
-- Name: auth_group auth_group_name_key; Type: CONSTRAINT; Schema: public; Owner: postgres
--

ALTER TABLE ONLY public.auth_group
    ADD CONSTRAINT auth_group_name_key UNIQUE (name);


--
-- Name: auth_group_permissions auth_group_permissions_group_id_permission_id_0cd325b0_uniq; Type: CONSTRAINT; Schema: public; Owner: postgres
--

ALTER TABLE ONLY public.auth_group_permissions
    ADD CONSTRAINT auth_group_permissions_group_id_permission_id_0cd325b0_uniq UNIQUE (group_id, permission_id);


--
-- Name: auth_group_permissions auth_group_permissions_pkey; Type: CONSTRAINT; Schema: public; Owner: postgres
--

ALTER TABLE ONLY public.auth_group_permissions
    ADD CONSTRAINT auth_group_permissions_pkey PRIMARY KEY (id);


--
-- Name: auth_group auth_group_pkey; Type: CONSTRAINT; Schema: public; Owner: postgres
--

ALTER TABLE ONLY public.auth_group
    ADD CONSTRAINT auth_group_pkey PRIMARY KEY (id);


--
-- Name: auth_permission auth_permission_content_type_id_codename_01ab375a_uniq; Type: CONSTRAINT; Schema: public; Owner: postgres
--

ALTER TABLE ONLY public.auth_permission
    ADD CONSTRAINT auth_permission_content_type_id_codename_01ab375a_uniq UNIQUE (content_type_id, codename);


--
-- Name: auth_permission auth_permission_pkey; Type: CONSTRAINT; Schema: public; Owner: postgres
--

ALTER TABLE ONLY public.auth_permission
    ADD CONSTRAINT auth_permission_pkey PRIMARY KEY (id);


--
-- Name: auth_user_groups auth_user_groups_pkey; Type: CONSTRAINT; Schema: public; Owner: postgres
--

ALTER TABLE ONLY public.auth_user_groups
    ADD CONSTRAINT auth_user_groups_pkey PRIMARY KEY (id);


--
-- Name: auth_user_groups auth_user_groups_user_id_group_id_94350c0c_uniq; Type: CONSTRAINT; Schema: public; Owner: postgres
--

ALTER TABLE ONLY public.auth_user_groups
    ADD CONSTRAINT auth_user_groups_user_id_group_id_94350c0c_uniq UNIQUE (user_id, group_id);


--
-- Name: auth_user auth_user_pkey; Type: CONSTRAINT; Schema: public; Owner: postgres
--

ALTER TABLE ONLY public.auth_user
    ADD CONSTRAINT auth_user_pkey PRIMARY KEY (id);


--
-- Name: auth_user_user_permissions auth_user_user_permissions_pkey; Type: CONSTRAINT; Schema: public; Owner: postgres
--

ALTER TABLE ONLY public.auth_user_user_permissions
    ADD CONSTRAINT auth_user_user_permissions_pkey PRIMARY KEY (id);


--
-- Name: auth_user_user_permissions auth_user_user_permissions_user_id_permission_id_14a6b632_uniq; Type: CONSTRAINT; Schema: public; Owner: postgres
--

ALTER TABLE ONLY public.auth_user_user_permissions
    ADD CONSTRAINT auth_user_user_permissions_user_id_permission_id_14a6b632_uniq UNIQUE (user_id, permission_id);


--
-- Name: auth_user auth_user_username_key; Type: CONSTRAINT; Schema: public; Owner: postgres
--

ALTER TABLE ONLY public.auth_user
    ADD CONSTRAINT auth_user_username_key UNIQUE (username);


--
-- Name: class class_pkey; Type: CONSTRAINT; Schema: public; Owner: postgres
--

ALTER TABLE ONLY public.class
    ADD CONSTRAINT class_pkey PRIMARY KEY (id);


--
-- Name: class class_starttime_roomid_instructorid_key; Type: CONSTRAINT; Schema: public; Owner: postgres
--

ALTER TABLE ONLY public.class
    ADD CONSTRAINT class_starttime_roomid_instructorid_key UNIQUE (starttime, roomid, instructorid);


--
-- Name: cost cost_pkey; Type: CONSTRAINT; Schema: public; Owner: postgres
--

ALTER TABLE ONLY public.cost
    ADD CONSTRAINT cost_pkey PRIMARY KEY (id);


--
-- Name: django_admin_log django_admin_log_pkey; Type: CONSTRAINT; Schema: public; Owner: postgres
--

ALTER TABLE ONLY public.django_admin_log
    ADD CONSTRAINT django_admin_log_pkey PRIMARY KEY (id);


--
-- Name: django_content_type django_content_type_app_label_model_76bd3d3b_uniq; Type: CONSTRAINT; Schema: public; Owner: postgres
--

ALTER TABLE ONLY public.django_content_type
    ADD CONSTRAINT django_content_type_app_label_model_76bd3d3b_uniq UNIQUE (app_label, model);


--
-- Name: django_content_type django_content_type_pkey; Type: CONSTRAINT; Schema: public; Owner: postgres
--

ALTER TABLE ONLY public.django_content_type
    ADD CONSTRAINT django_content_type_pkey PRIMARY KEY (id);


--
-- Name: django_migrations django_migrations_pkey; Type: CONSTRAINT; Schema: public; Owner: postgres
--

ALTER TABLE ONLY public.django_migrations
    ADD CONSTRAINT django_migrations_pkey PRIMARY KEY (id);


--
-- Name: django_session django_session_pkey; Type: CONSTRAINT; Schema: public; Owner: postgres
--

ALTER TABLE ONLY public.django_session
    ADD CONSTRAINT django_session_pkey PRIMARY KEY (session_key);


--
-- Name: grade grade_pkey; Type: CONSTRAINT; Schema: public; Owner: postgres
--

ALTER TABLE ONLY public.grade
    ADD CONSTRAINT grade_pkey PRIMARY KEY (gradeid);


--
-- Name: instructor instructor_email_key; Type: CONSTRAINT; Schema: public; Owner: postgres
--

ALTER TABLE ONLY public.instructor
    ADD CONSTRAINT instructor_email_key UNIQUE (email);


--
-- Name: instructor instructor_pkey; Type: CONSTRAINT; Schema: public; Owner: postgres
--

ALTER TABLE ONLY public.instructor
    ADD CONSTRAINT instructor_pkey PRIMARY KEY (id);


--
-- Name: parent parent_firstname_lastname_email_key; Type: CONSTRAINT; Schema: public; Owner: postgres
--

ALTER TABLE ONLY public.parent
    ADD CONSTRAINT parent_firstname_lastname_email_key UNIQUE (firstname, lastname, email);


--
-- Name: parent parent_pkey; Type: CONSTRAINT; Schema: public; Owner: postgres
--

ALTER TABLE ONLY public.parent
    ADD CONSTRAINT parent_pkey PRIMARY KEY (id);


--
-- Name: phone phone_pkey; Type: CONSTRAINT; Schema: public; Owner: postgres
--

ALTER TABLE ONLY public.phone
    ADD CONSTRAINT phone_pkey PRIMARY KEY (id);


--
-- Name: phonetype phonetype_pkey; Type: CONSTRAINT; Schema: public; Owner: postgres
--

ALTER TABLE ONLY public.phonetype
    ADD CONSTRAINT phonetype_pkey PRIMARY KEY (id);


--
-- Name: room room_pkey; Type: CONSTRAINT; Schema: public; Owner: postgres
--

ALTER TABLE ONLY public.room
    ADD CONSTRAINT room_pkey PRIMARY KEY (id);


--
-- Name: student_class student_class_pkey; Type: CONSTRAINT; Schema: public; Owner: postgres
--

ALTER TABLE ONLY public.student_class
    ADD CONSTRAINT student_class_pkey PRIMARY KEY (studentid, classid);


--
-- Name: student student_pkey; Type: CONSTRAINT; Schema: public; Owner: postgres
--

ALTER TABLE ONLY public.student
    ADD CONSTRAINT student_pkey PRIMARY KEY (id);


--
-- Name: subject subject_pkey; Type: CONSTRAINT; Schema: public; Owner: postgres
--

ALTER TABLE ONLY public.subject
    ADD CONSTRAINT subject_pkey PRIMARY KEY (id);


--
-- Name: tutordb_userprofile tutordb_userprofile_pkey; Type: CONSTRAINT; Schema: public; Owner: postgres
--

ALTER TABLE ONLY public.tutordb_userprofile
    ADD CONSTRAINT tutordb_userprofile_pkey PRIMARY KEY (id);


--
-- Name: tutordb_userprofile tutordb_userprofile_user_id_key; Type: CONSTRAINT; Schema: public; Owner: postgres
--

ALTER TABLE ONLY public.tutordb_userprofile
    ADD CONSTRAINT tutordb_userprofile_user_id_key UNIQUE (user_id);


--
-- Name: auth_group_name_a6ea08ec_like; Type: INDEX; Schema: public; Owner: postgres
--

CREATE INDEX auth_group_name_a6ea08ec_like ON public.auth_group USING btree (name varchar_pattern_ops);


--
-- Name: auth_group_permissions_group_id_b120cbf9; Type: INDEX; Schema: public; Owner: postgres
--

CREATE INDEX auth_group_permissions_group_id_b120cbf9 ON public.auth_group_permissions USING btree (group_id);


--
-- Name: auth_group_permissions_permission_id_84c5c92e; Type: INDEX; Schema: public; Owner: postgres
--

CREATE INDEX auth_group_permissions_permission_id_84c5c92e ON public.auth_group_permissions USING btree (permission_id);


--
-- Name: auth_permission_content_type_id_2f476e4b; Type: INDEX; Schema: public; Owner: postgres
--

CREATE INDEX auth_permission_content_type_id_2f476e4b ON public.auth_permission USING btree (content_type_id);


--
-- Name: auth_user_groups_group_id_97559544; Type: INDEX; Schema: public; Owner: postgres
--

CREATE INDEX auth_user_groups_group_id_97559544 ON public.auth_user_groups USING btree (group_id);


--
-- Name: auth_user_groups_user_id_6a12ed8b; Type: INDEX; Schema: public; Owner: postgres
--

CREATE INDEX auth_user_groups_user_id_6a12ed8b ON public.auth_user_groups USING btree (user_id);


--
-- Name: auth_user_user_permissions_permission_id_1fbb5f2c; Type: INDEX; Schema: public; Owner: postgres
--

CREATE INDEX auth_user_user_permissions_permission_id_1fbb5f2c ON public.auth_user_user_permissions USING btree (permission_id);


--
-- Name: auth_user_user_permissions_user_id_a95ead1b; Type: INDEX; Schema: public; Owner: postgres
--

CREATE INDEX auth_user_user_permissions_user_id_a95ead1b ON public.auth_user_user_permissions USING btree (user_id);


--
-- Name: auth_user_username_6821ab7c_like; Type: INDEX; Schema: public; Owner: postgres
--

CREATE INDEX auth_user_username_6821ab7c_like ON public.auth_user USING btree (username varchar_pattern_ops);


--
-- Name: django_admin_log_content_type_id_c4bce8eb; Type: INDEX; Schema: public; Owner: postgres
--

CREATE INDEX django_admin_log_content_type_id_c4bce8eb ON public.django_admin_log USING btree (content_type_id);


--
-- Name: django_admin_log_user_id_c564eba6; Type: INDEX; Schema: public; Owner: postgres
--

CREATE INDEX django_admin_log_user_id_c564eba6 ON public.django_admin_log USING btree (user_id);


--
-- Name: django_session_expire_date_a5c62663; Type: INDEX; Schema: public; Owner: postgres
--

CREATE INDEX django_session_expire_date_a5c62663 ON public.django_session USING btree (expire_date);


--
-- Name: django_session_session_key_c0390e0f_like; Type: INDEX; Schema: public; Owner: postgres
--

CREATE INDEX django_session_session_key_c0390e0f_like ON public.django_session USING btree (session_key varchar_pattern_ops);


--
-- Name: attendance attendance_classid_fkey; Type: FK CONSTRAINT; Schema: public; Owner: postgres
--

ALTER TABLE ONLY public.attendance
    ADD CONSTRAINT attendance_classid_fkey FOREIGN KEY (classid) REFERENCES public.class(id) DEFERRABLE INITIALLY DEFERRED;


--
-- Name: attendance attendance_studentid_fkey; Type: FK CONSTRAINT; Schema: public; Owner: postgres
--

ALTER TABLE ONLY public.attendance
    ADD CONSTRAINT attendance_studentid_fkey FOREIGN KEY (studentid) REFERENCES public.student(id) DEFERRABLE INITIALLY DEFERRED;


--
-- Name: auth_group_permissions auth_group_permissio_permission_id_84c5c92e_fk_auth_perm; Type: FK CONSTRAINT; Schema: public; Owner: postgres
--

ALTER TABLE ONLY public.auth_group_permissions
    ADD CONSTRAINT auth_group_permissio_permission_id_84c5c92e_fk_auth_perm FOREIGN KEY (permission_id) REFERENCES public.auth_permission(id) DEFERRABLE INITIALLY DEFERRED;


--
-- Name: auth_group_permissions auth_group_permissions_group_id_b120cbf9_fk_auth_group_id; Type: FK CONSTRAINT; Schema: public; Owner: postgres
--

ALTER TABLE ONLY public.auth_group_permissions
    ADD CONSTRAINT auth_group_permissions_group_id_b120cbf9_fk_auth_group_id FOREIGN KEY (group_id) REFERENCES public.auth_group(id) DEFERRABLE INITIALLY DEFERRED;


--
-- Name: auth_permission auth_permission_content_type_id_2f476e4b_fk_django_co; Type: FK CONSTRAINT; Schema: public; Owner: postgres
--

ALTER TABLE ONLY public.auth_permission
    ADD CONSTRAINT auth_permission_content_type_id_2f476e4b_fk_django_co FOREIGN KEY (content_type_id) REFERENCES public.django_content_type(id) DEFERRABLE INITIALLY DEFERRED;


--
-- Name: auth_user_groups auth_user_groups_group_id_97559544_fk_auth_group_id; Type: FK CONSTRAINT; Schema: public; Owner: postgres
--

ALTER TABLE ONLY public.auth_user_groups
    ADD CONSTRAINT auth_user_groups_group_id_97559544_fk_auth_group_id FOREIGN KEY (group_id) REFERENCES public.auth_group(id) DEFERRABLE INITIALLY DEFERRED;


--
-- Name: auth_user_groups auth_user_groups_user_id_6a12ed8b_fk_auth_user_id; Type: FK CONSTRAINT; Schema: public; Owner: postgres
--

ALTER TABLE ONLY public.auth_user_groups
    ADD CONSTRAINT auth_user_groups_user_id_6a12ed8b_fk_auth_user_id FOREIGN KEY (user_id) REFERENCES public.auth_user(id) DEFERRABLE INITIALLY DEFERRED;


--
-- Name: auth_user_user_permissions auth_user_user_permi_permission_id_1fbb5f2c_fk_auth_perm; Type: FK CONSTRAINT; Schema: public; Owner: postgres
--

ALTER TABLE ONLY public.auth_user_user_permissions
    ADD CONSTRAINT auth_user_user_permi_permission_id_1fbb5f2c_fk_auth_perm FOREIGN KEY (permission_id) REFERENCES public.auth_permission(id) DEFERRABLE INITIALLY DEFERRED;


--
-- Name: auth_user_user_permissions auth_user_user_permissions_user_id_a95ead1b_fk_auth_user_id; Type: FK CONSTRAINT; Schema: public; Owner: postgres
--

ALTER TABLE ONLY public.auth_user_user_permissions
    ADD CONSTRAINT auth_user_user_permissions_user_id_a95ead1b_fk_auth_user_id FOREIGN KEY (user_id) REFERENCES public.auth_user(id) DEFERRABLE INITIALLY DEFERRED;


--
-- Name: class class_costid_fkey; Type: FK CONSTRAINT; Schema: public; Owner: postgres
--

ALTER TABLE ONLY public.class
    ADD CONSTRAINT class_costid_fkey FOREIGN KEY (costid) REFERENCES public.cost(id) DEFERRABLE INITIALLY DEFERRED;


--
-- Name: class class_instructorid_fkey; Type: FK CONSTRAINT; Schema: public; Owner: postgres
--

ALTER TABLE ONLY public.class
    ADD CONSTRAINT class_instructorid_fkey FOREIGN KEY (instructorid) REFERENCES public.instructor(id) DEFERRABLE INITIALLY DEFERRED;


--
-- Name: class class_roomid_fkey; Type: FK CONSTRAINT; Schema: public; Owner: postgres
--

ALTER TABLE ONLY public.class
    ADD CONSTRAINT class_roomid_fkey FOREIGN KEY (roomid) REFERENCES public.room(id) DEFERRABLE INITIALLY DEFERRED;


--
-- Name: class class_subjectid_fkey; Type: FK CONSTRAINT; Schema: public; Owner: postgres
--

ALTER TABLE ONLY public.class
    ADD CONSTRAINT class_subjectid_fkey FOREIGN KEY (subjectid) REFERENCES public.subject(id) DEFERRABLE INITIALLY DEFERRED;


--
-- Name: django_admin_log django_admin_log_content_type_id_c4bce8eb_fk_django_co; Type: FK CONSTRAINT; Schema: public; Owner: postgres
--

ALTER TABLE ONLY public.django_admin_log
    ADD CONSTRAINT django_admin_log_content_type_id_c4bce8eb_fk_django_co FOREIGN KEY (content_type_id) REFERENCES public.django_content_type(id) DEFERRABLE INITIALLY DEFERRED;


--
-- Name: django_admin_log django_admin_log_user_id_c564eba6_fk_auth_user_id; Type: FK CONSTRAINT; Schema: public; Owner: postgres
--

ALTER TABLE ONLY public.django_admin_log
    ADD CONSTRAINT django_admin_log_user_id_c564eba6_fk_auth_user_id FOREIGN KEY (user_id) REFERENCES public.auth_user(id) DEFERRABLE INITIALLY DEFERRED;


--
-- Name: grade grade_classid_fkey; Type: FK CONSTRAINT; Schema: public; Owner: postgres
--

ALTER TABLE ONLY public.grade
    ADD CONSTRAINT grade_classid_fkey FOREIGN KEY (classid) REFERENCES public.class(id) DEFERRABLE INITIALLY DEFERRED;


--
-- Name: grade grade_studentid_fkey; Type: FK CONSTRAINT; Schema: public; Owner: postgres
--

ALTER TABLE ONLY public.grade
    ADD CONSTRAINT grade_studentid_fkey FOREIGN KEY (studentid) REFERENCES public.student(id) DEFERRABLE INITIALLY DEFERRED;


--
-- Name: instructor instructor_phoneid_fkey; Type: FK CONSTRAINT; Schema: public; Owner: postgres
--

ALTER TABLE ONLY public.instructor
    ADD CONSTRAINT instructor_phoneid_fkey FOREIGN KEY (phoneid) REFERENCES public.phone(id) DEFERRABLE INITIALLY DEFERRED;


--
-- Name: parent parent_studentid_fkey; Type: FK CONSTRAINT; Schema: public; Owner: postgres
--

ALTER TABLE ONLY public.parent
    ADD CONSTRAINT parent_studentid_fkey FOREIGN KEY (studentid) REFERENCES public.student(id) DEFERRABLE INITIALLY DEFERRED;


--
-- Name: phone phone_phonetypeid_fkey; Type: FK CONSTRAINT; Schema: public; Owner: postgres
--

ALTER TABLE ONLY public.phone
    ADD CONSTRAINT phone_phonetypeid_fkey FOREIGN KEY (phonetypeid) REFERENCES public.phonetype(id) DEFERRABLE INITIALLY DEFERRED;


--
-- Name: student_class student_class_classid_fkey; Type: FK CONSTRAINT; Schema: public; Owner: postgres
--

ALTER TABLE ONLY public.student_class
    ADD CONSTRAINT student_class_classid_fkey FOREIGN KEY (classid) REFERENCES public.class(id) DEFERRABLE INITIALLY DEFERRED;


--
-- Name: student_class student_class_studentid_fkey; Type: FK CONSTRAINT; Schema: public; Owner: postgres
--

ALTER TABLE ONLY public.student_class
    ADD CONSTRAINT student_class_studentid_fkey FOREIGN KEY (studentid) REFERENCES public.student(id) DEFERRABLE INITIALLY DEFERRED;


--
-- Name: tutordb_userprofile tutordb_userprofile_user_id_319a6a9f_fk_auth_user_id; Type: FK CONSTRAINT; Schema: public; Owner: postgres
--

ALTER TABLE ONLY public.tutordb_userprofile
    ADD CONSTRAINT tutordb_userprofile_user_id_319a6a9f_fk_auth_user_id FOREIGN KEY (user_id) REFERENCES public.auth_user(id) DEFERRABLE INITIALLY DEFERRED;


--
-- PostgreSQL database dump complete
--

